bodyPart,equipment,id,name,target
Quads,body weight,1512,all fours squad stretch,quads
back,cable,7,alternate lateral pulldown,lats
Calves,body weight,1368,ankle circles,calves
back,body weight,3293,archer pull up,lats
chest,body weight,3294,archer push up,pectorals
chest,leverage machine,9,assisted chest dip (kneeling),pectorals
Calves,assisted,1708,assisted lying calves stretch,calves
back,leverage machine,15,assisted parallel close grip pull-up,lats
Hamstrings,assisted,16,assisted prone hamstring,hamstrings
Quads,assisted,1713,assisted prone lying quads stretch,quads
back,leverage machine,17,assisted pull-up,lats
chest,assisted,1716,assisted seated pectoralis major stretch with stability ball,pectorals
back,leverage machine,1431,assisted standing chin-up,lats
back,leverage machine,1432,assisted standing pull-up,lats
Triceps,assisted,18,assisted standing triceps extension (with towel),triceps
Triceps,leverage machine,19,assisted triceps dip (kneeling),triceps
chest,leverage machine,2364,assisted wide-grip chest dip (kneeling),pectorals
back,body weight,3297,back lever,upper back
back,body weight,1405,back pec stretch,lats
Quads,body weight,1473,backward jump,quads
Quads,body weight,20,balance board,quads
Biceps,barbell,23,barbell alternate biceps curl,biceps
Quads,barbell,24,barbell bench front squat,quads
chest,barbell,25,barbell bench press,pectorals
Quads,barbell,26,barbell bench squat,quads
back,barbell,1316,barbell bent arm pullover,lats
back,barbell,27,barbell bent over row,upper back
Biceps,barbell,2407,barbell biceps curl (with arm blaster),biceps
Quads,barbell,28,barbell clean and press,quads
Triceps,barbell,30,barbell close-grip bench press,triceps
Biceps,barbell,31,barbell curl,biceps
chest,barbell,33,barbell decline bench press,pectorals
back,barbell,34,barbell decline bent arm pullover,lats
Triceps,barbell,35,barbell decline close grip to skull press,triceps
chest,barbell,1255,barbell decline pullover,pectorals
chest,barbell,36,barbell decline wide-grip press,pectorals
back,barbell,37,barbell decline wide-grip pullover,lats
Biceps,barbell,38,barbell drag curl,biceps
Calves,barbell,1370,barbell floor calf raise,calves
shoulders,barbell,41,barbell front raise,delts
chest,barbell,40,barbell front raise and pullover,pectorals
Hamstrings,barbell,44,barbell good morning,hamstrings
chest,barbell,45,barbell guillotine bench press,pectorals
chest,barbell,47,barbell incline bench press,pectorals
Triceps,barbell,1719,barbell incline close grip bench press,triceps
Triceps,barbell,48,barbell incline reverse-grip press,triceps
back,barbell,49,barbell incline row,upper back
chest,barbell,50,barbell incline shoulder raise,serratus anterior
Triceps,barbell,52,barbell jm bench press,triceps
Triceps,barbell,1720,barbell lying back of the head tricep extension,triceps
Triceps,barbell,55,barbell lying close-grip press,triceps
Triceps,barbell,56,barbell lying close-grip triceps extension,triceps
Triceps,barbell,57,barbell lying extension,triceps
Biceps,barbell,59,barbell lying preacher curl,biceps
Triceps,barbell,61,barbell lying triceps extension,triceps
Triceps,barbell,60,barbell lying triceps extension skull crusher,triceps
back,barbell,64,barbell one arm bent over row,upper back
Triceps,barbell,65,barbell one arm floor press,triceps
shoulders,barbell,67,barbell one arm snatch,delts
Quads,barbell,68,barbell one leg squat,quads
Quads,barbell,69,barbell overhead squat,quads
back,barbell,3017,barbell pendlay row,upper back
Triceps,barbell,1751,barbell pin presses,triceps
Biceps,barbell,70,barbell preacher curl,biceps
Biceps,barbell,72,barbell prone incline curl,biceps
back,barbell,73,barbell pullover,lats
back,barbell,22,barbell pullover to press,lats
shoulders,barbell,75,barbell rear delt raise,delts
shoulders,barbell,76,barbell rear delt row,delts
Triceps,barbell,2187,barbell reverse close-grip bench press,triceps
Biceps,barbell,80,barbell reverse curl,biceps
back,barbell,118,barbell reverse grip bent over row,upper back
chest,barbell,1256,barbell reverse grip decline bench press,pectorals
chest,barbell,1257,barbell reverse grip incline bench press,pectorals
back,barbell,1317,barbell reverse grip incline bench row,upper back
Triceps,barbell,1721,barbell reverse grip skullcrusher,triceps
Biceps,barbell,81,barbell reverse preacher curl,biceps
shoulders,barbell,86,barbell seated behind head military press,delts
shoulders,barbell,87,barbell seated bradford rocky press,delts
Calves,barbell,88,barbell seated calf raise,calves
Calves,barbell,1371,barbell seated calf raise,calves
Triceps,barbell,1718,barbell seated close grip behind neck triceps extension,triceps
Biceps,barbell,89,barbell seated close-grip concentration curl,biceps
shoulders,barbell,91,barbell seated overhead press,delts
Triceps,barbell,92,barbell seated overhead triceps extension,triceps
back,barbell,95,barbell shrug,traps
Quads,barbell,98,barbell side split squat,quads
Quads,barbell,97,barbell side split squat v. 2,quads
Quads,barbell,99,barbell single leg split squat,quads
shoulders,barbell,100,barbell skier,delts
Quads,barbell,2810,barbell split squat v. 2,quads
Quads,barbell,102,barbell squat (on knees),quads
Quads,barbell,2798,barbell squat jump step rear lunge,quads
shoulders,barbell,105,barbell standing bradford press,delts
Calves,barbell,1372,barbell standing calf raise,calves
Biceps,barbell,106,barbell standing close grip curl,biceps
shoulders,barbell,1456,barbell standing close grip military press,delts
Biceps,barbell,2414,barbell standing concentration curl,biceps
shoulders,barbell,107,barbell standing front raise over head,delts
Calves,barbell,108,barbell standing leg calf raise,calves
Triceps,barbell,109,barbell standing overhead triceps extension,triceps
Biceps,barbell,110,barbell standing reverse grip curl,biceps
Calves,barbell,111,barbell standing rocking leg calf raise,calves
Biceps,barbell,1629,barbell standing wide grip biceps curl,biceps
shoulders,barbell,1457,barbell standing wide military press,delts
Biceps,barbell,113,barbell standing wide-grip curl,biceps
Hamstrings,barbell,116,barbell straight leg deadlift,hamstrings
shoulders,barbell,3305,barbell thruster,delts
shoulders,barbell,120,barbell upright row,delts
shoulders,barbell,119,barbell upright row v. 2,delts
shoulders,barbell,121,barbell upright row v. 3,delts
chest,barbell,122,barbell wide bench press,pectorals
chest,barbell,1258,barbell wide reverse grip bench press,pectorals
Quads,barbell,124,barbell wide squat,quads
shoulders,barbell,123,barbell wide-grip upright row,delts
chest,assisted,1259,behind head chest stretch,pectorals
Triceps,body weight,129,bench dip (knees bent),triceps
Triceps,body weight,1399,bench dip on floor,triceps
back,body weight,3019,bench pull-ups,lats
Biceps,body weight,1770,biceps leg concentration curl,biceps
Biceps,body weight,139,biceps narrow pull-ups,biceps
Biceps,body weight,140,biceps pull-up,biceps
Triceps,body weight,137,body-up,triceps
Triceps,body weight,1771,bodyweight kneeling triceps extension,triceps
Biceps,body weight,1769,bodyweight side lying biceps curl,biceps
back,body weight,3168,bodyweight squatting row,upper back
back,body weight,3167,bodyweight squatting row (with towel),upper back
Calves,body weight,1373,bodyweight standing calf raise,calves
back,body weight,3156,bodyweight standing close-grip one arm row,upper back
back,body weight,3158,bodyweight standing close-grip row,upper back
back,body weight,3162,bodyweight standing one arm row,upper back
back,body weight,3161,bodyweight standing one arm row (with towel),upper back
back,body weight,3166,bodyweight standing row,upper back
back,body weight,3165,bodyweight standing row (with towel),upper back
Calves,body weight,1374,box jump down with one leg stabilization,calves
shoulders,cable,148,cable alternate shoulder press,delts
Triceps,cable,149,cable alternate triceps extension,triceps
Hamstrings,cable,3235,cable assisted inverse leg curl,hamstrings
back,cable,150,cable bar lateral pulldown,lats
chest,cable,151,cable bench press,pectorals
Biceps,cable,1630,cable close grip curl,biceps
Biceps,cable,1631,cable concentration curl,biceps
Triceps,cable,152,cable concentration extension (on knee),triceps
back,cable,153,cable cross-over lateral pulldown,lats
shoulders,cable,154,cable cross-over revers fly,delts
chest,cable,155,cable cross-over variation,pectorals
Biceps,cable,868,cable curl,biceps
chest,cable,158,cable decline fly,pectorals
chest,cable,1260,cable decline one arm press,pectorals
chest,cable,1261,cable decline press,pectorals
back,cable,159,cable decline seated wide-grip row,upper back
Biceps,cable,1632,cable drag curl,biceps
back,cable,160,cable floor seated wide-grip row,upper back
shoulders,cable,161,cable forward raise,delts
shoulders,cable,162,cable front raise,delts
shoulders,cable,164,cable front shoulder raise,delts
Biceps,cable,165,cable hammer curl (with rope),biceps
Triceps,cable,1722,cable high pulley overhead tricep extension,triceps
back,cable,167,cable high row (kneeling),upper back
chest,cable,169,cable incline bench press,pectorals
back,cable,1318,cable incline bench row,upper back
chest,cable,171,cable incline fly,pectorals
chest,cable,170,cable incline fly (on stability ball),pectorals
back,cable,172,cable incline pushdown,lats
Triceps,cable,173,cable incline triceps extension,triceps
Triceps,cable,860,cable kickback,triceps
shoulders,cable,3697,cable kneeling rear delt row (with rope) (male),delts
Triceps,cable,176,cable kneeling triceps extension,triceps
back,cable,2330,cable lat pulldown full range of motion,lats
back,cable,177,cable lateral pulldown (with rope attachment),lats
back,cable,2616,cable lateral pulldown with v-bar,lats
shoulders,cable,178,cable lateral raise,delts
chest,cable,179,cable low fly,pectorals
back,cable,180,cable low seated row,upper back
Biceps,cable,1634,cable lying bicep curl,biceps
Biceps,cable,182,cable lying close-grip curl,biceps
back,cable,184,cable lying extension pullover (with rope attachment),lats
chest,cable,185,cable lying fly,pectorals
Triceps,cable,186,cable lying triceps extension v. 2,triceps
chest,cable,188,cable middle fly,pectorals
back,cable,189,cable one arm bent over row,upper back
Biceps,cable,190,cable one arm curl,biceps
chest,cable,1262,cable one arm decline chest fly,pectorals
chest,cable,1263,cable one arm fly on exercise ball,pectorals
chest,cable,1264,cable one arm incline fly on exercise ball,pectorals
chest,cable,1265,cable one arm incline press,pectorals
chest,cable,1266,cable one arm incline press on exercise ball,pectorals
chest,cable,191,cable one arm lateral bent-over,pectorals
shoulders,cable,192,cable one arm lateral raise,delts
Biceps,cable,1633,cable one arm preacher curl,biceps
chest,cable,1267,cable one arm press on exercise ball,pectorals
back,cable,3563,cable one arm pulldown,lats
Biceps,cable,1635,cable one arm reverse preacher curl,biceps
back,cable,193,cable one arm straight back high row (kneeling),upper back
Triceps,cable,1723,cable one arm tricep pushdown,triceps
Biceps,cable,1636,cable overhead curl,biceps
Biceps,cable,1637,cable overhead curl on exercise ball,biceps
Triceps,cable,194,cable overhead triceps extension (rope attachment),triceps
back,cable,1319,cable palm rotational row,upper back
Biceps,cable,195,cable preacher curl,biceps
chest,cable,1268,cable press on exercise ball,pectorals
back,cable,198,cable pulldown,lats
back,cable,197,cable pulldown (pro lat bar),lats
Biceps,cable,1638,cable pulldown bicep curl,biceps
Triceps,cable,201,cable pushdown,triceps
back,cable,199,cable pushdown (straight arm) v. 2,lats
Triceps,cable,200,cable pushdown (with rope attachment),triceps
shoulders,cable,202,cable rear delt row (stirrups),delts
shoulders,cable,203,cable rear delt row (with rope),delts
Triceps,cable,204,cable rear drive,triceps
back,cable,205,cable rear pulldown,lats
Biceps,cable,206,cable reverse curl,biceps
Triceps,cable,2406,cable reverse grip triceps pushdown (sz-bar) (with arm blaster),triceps
Biceps,cable,1413,cable reverse one arm curl,biceps
Biceps,cable,209,cable reverse preacher curl,biceps
Triceps,cable,207,cable reverse-grip pushdown,triceps
back,cable,208,cable reverse-grip straight back seated high row,upper back
back,cable,1320,cable rope crossover seated row,upper back
back,cable,1321,cable rope elevated seated row,upper back
back,cable,1322,cable rope extension incline bench row,upper back
Biceps,cable,1639,cable rope hammer preacher curl,biceps
Triceps,cable,1724,cable rope high pulley overhead tricep extension,triceps
Triceps,cable,1725,cable rope incline tricep extension,triceps
Triceps,cable,1726,cable rope lying on floor tricep extension,triceps
Biceps,cable,1640,cable rope one arm hammer preacher curl,biceps
back,cable,1323,cable rope seated row,upper back
chest,cable,2144,cable seated chest press,pectorals
Biceps,cable,1641,cable seated curl,biceps
back,cable,213,cable seated high row (v-bar),lats
back,cable,214,cable seated one arm alternate row,upper back
Biceps,cable,1642,cable seated one arm concentration curl,biceps
Biceps,cable,1643,cable seated overhead curl,biceps
shoulders,cable,215,cable seated rear lateral raise,delts
back,cable,861,cable seated row,upper back
shoulders,cable,216,cable seated shoulder internal rotation,delts
back,cable,218,cable seated wide-grip row,upper back
shoulders,cable,219,cable shoulder press,delts
back,cable,220,cable shrug,traps
back,cable,1717,cable squat row (with rope attachment),lats
Biceps,cable,1644,cable squatting curl,biceps
Calves,cable,1375,cable standing calf raise,calves
shoulders,cable,225,cable standing cross-over high reverse fly,delts
chest,cable,227,cable standing fly,pectorals
Biceps,cable,229,cable standing inner curl,biceps
Triceps,cable,231,cable standing one arm triceps extension,triceps
Calves,cable,1376,cable standing one leg calf raise,calves
Biceps,cable,232,cable standing pulldown (with rope),biceps
shoulders,cable,233,cable standing rear delt row (with rope),delts
Triceps,cable,1727,cable standing reverse grip one arm overhead tricep extension,triceps
back,cable,234,cable standing row (v-bar),upper back
shoulders,cable,235,cable standing shoulder external rotation,delts
back,cable,236,cable standing twist row (v-bar),upper back
chest,cable,1269,cable standing up straight crossovers,pectorals
back,cable,238,cable straight arm pulldown,lats
back,cable,237,cable straight arm pulldown (with rope),lats
back,cable,239,cable straight back seated row,upper back
shoulders,cable,240,cable supine reverse fly,delts
back,cable,2464,cable thibaudeau kayak row,lats
Triceps,cable,241,cable triceps pushdown (v-bar),triceps
Triceps,cable,2405,cable triceps pushdown (v-bar) (with arm blaster),triceps
back,cable,244,cable twisting pull,lats
Biceps,cable,1645,cable two arm curl on incline bench,biceps
Triceps,cable,1728,cable two arm tricep kickback,triceps
back,cable,245,cable underhand pulldown,lats
chest,cable,1270,cable upper chest crossovers,pectorals
back,cable,1324,cable upper row,upper back
shoulders,cable,246,cable upright row,delts
back,cable,1325,cable wide grip rear pulldown behind neck,lats
Calves,body weight,1407,calf push stretch with hands against wall,calves
Calves,body weight,1377,calf stretch with hands against wall,calves
back,barbell,248,cambered bar lying row,upper back
Quads,body weight,1548,chair leg extended stretch,quads
chest,body weight,1271,chest and front of shoulder stretch,pectorals
chest,body weight,251,chest dip,pectorals
chest,body weight,1430,chest dip (on dip-pull-up cage),pectorals
chest,body weight,2462,chest dip on straight bar,pectorals
chest,body weight,3216,chest tap push-up (male),pectorals
back,body weight,1326,chin-up,lats
back,body weight,253,chin-ups (narrow parallel grip),upper back
Calves,body weight,257,circles knee stretch,calves
chest,body weight,1273,clap push up,pectorals
chest,body weight,258,clock push-up,pectorals
back,body weight,1327,close grip chin-up,lats
Triceps,body weight,259,close-grip push-up,triceps
Triceps,body weight,2398,close-grip push-up (on knees),triceps
chest,body weight,279,decline push-up,pectorals
chest,dumbbell,1274,deep push up,pectorals
Triceps,body weight,283,diamond push-up,triceps
Calves,body weight,284,donkey calf raise,calves
chest,body weight,1275,drop push up,pectorals
Biceps,dumbbell,285,dumbbell alternate biceps curl,biceps
Biceps,dumbbell,2403,dumbbell alternate biceps curl (with arm blaster),biceps
Biceps,dumbbell,1646,dumbbell alternate hammer preacher curl,biceps
Biceps,dumbbell,1647,dumbbell alternate preacher curl,biceps
Biceps,dumbbell,1648,dumbbell alternate seated hammer curl,biceps
shoulders,dumbbell,286,dumbbell alternate side press,delts
Biceps,dumbbell,1649,dumbbell alternating bicep curl with leg raised on exercise ball,biceps
Biceps,dumbbell,1650,dumbbell alternating seated bicep curl on exercise ball,biceps
shoulders,dumbbell,2137,dumbbell arnold press,delts
shoulders,dumbbell,287,dumbbell arnold press v. 2,delts
chest,dumbbell,288,dumbbell around pullover,pectorals
chest,dumbbell,289,dumbbell bench press,pectorals
shoulders,dumbbell,290,dumbbell bench seated press,delts
back,dumbbell,293,dumbbell bent over row,upper back
Biceps,dumbbell,1651,dumbbell bicep curl lunge with bowling motion,biceps
Biceps,dumbbell,1652,dumbbell bicep curl on exercise ball with leg raised,biceps
Biceps,dumbbell,1653,dumbbell bicep curl with stork stance,biceps
Biceps,dumbbell,294,dumbbell biceps curl,biceps
Biceps,dumbbell,2401,dumbbell biceps curl (with arm blaster),biceps
Biceps,dumbbell,1654,dumbbell biceps curl reverse,biceps
Biceps,dumbbell,1655,dumbbell biceps curl squat,biceps
Biceps,dumbbell,1656,dumbbell biceps curl v sit on bosu ball,biceps
Triceps,dumbbell,1731,dumbbell close grip press,triceps
Triceps,dumbbell,296,dumbbell close-grip press,triceps
Biceps,dumbbell,297,dumbbell concentration curl,biceps
Biceps,dumbbell,298,dumbbell cross body hammer curl,biceps
Biceps,dumbbell,1657,dumbbell cross body hammer curl v. 2,biceps
shoulders,dumbbell,299,dumbbell cuban press,delts
shoulders,dumbbell,2136,dumbbell cuban press v. 2,delts
chest,dumbbell,301,dumbbell decline bench press,pectorals
chest,dumbbell,302,dumbbell decline fly,pectorals
chest,dumbbell,303,dumbbell decline hammer press,pectorals
chest,dumbbell,1276,dumbbell decline one arm fly,pectorals
Triceps,dumbbell,1617,dumbbell decline one arm hammer press,triceps
back,dumbbell,305,dumbbell decline shrug,traps
back,dumbbell,304,dumbbell decline shrug v. 2,traps
Triceps,dumbbell,306,dumbbell decline triceps extension,triceps
chest,dumbbell,307,dumbbell decline twist fly,pectorals
chest,dumbbell,308,dumbbell fly,pectorals
chest,dumbbell,1277,dumbbell fly on exercise ball,pectorals
Triceps,dumbbell,1732,dumbbell forward lunge triceps extension,triceps
shoulders,dumbbell,310,dumbbell front raise,delts
shoulders,dumbbell,309,dumbbell front raise v. 2,delts
shoulders,dumbbell,311,dumbbell full can lateral raise,delts
Quads,dumbbell,1760,dumbbell goblet squat,quads
Biceps,dumbbell,313,dumbbell hammer curl,biceps
Biceps,dumbbell,1659,dumbbell hammer curl on exercise ball,biceps
Biceps,dumbbell,312,dumbbell hammer curl v. 2,biceps
Biceps,dumbbell,2402,dumbbell hammer curls (with arm blaster),biceps
Biceps,dumbbell,1664,dumbbell high curl,biceps
chest,dumbbell,3545,dumbbell incline alternate press,pectorals
chest,dumbbell,314,dumbbell incline bench press,pectorals
Biceps,dumbbell,315,dumbbell incline biceps curl,biceps
chest,dumbbell,316,dumbbell incline breeding,pectorals
Biceps,dumbbell,318,dumbbell incline curl,biceps
Biceps,dumbbell,317,dumbbell incline curl v. 2,biceps
chest,dumbbell,319,dumbbell incline fly,pectorals
chest,dumbbell,1278,dumbbell incline fly on exercise ball,pectorals
Biceps,dumbbell,320,dumbbell incline hammer curl,biceps
chest,dumbbell,321,dumbbell incline hammer press,pectorals
Triceps,dumbbell,1618,dumbbell incline hammer press on exercise ball,triceps
Biceps,dumbbell,322,dumbbell incline inner biceps curl,biceps
chest,dumbbell,1279,dumbbell incline one arm fly,pectorals
chest,dumbbell,1280,dumbbell incline one arm fly on exercise ball,pectorals
Triceps,dumbbell,1619,dumbbell incline one arm hammer press,triceps
Triceps,dumbbell,1620,dumbbell incline one arm hammer press on exercise ball,triceps
shoulders,dumbbell,323,dumbbell incline one arm lateral raise,delts
chest,dumbbell,1281,dumbbell incline one arm press,pectorals
chest,dumbbell,1282,dumbbell incline one arm press on exercise ball,pectorals
chest,dumbbell,324,dumbbell incline palm-in press,pectorals
chest,dumbbell,1283,dumbbell incline press on exercise ball,pectorals
shoulders,dumbbell,325,dumbbell incline raise,delts
shoulders,dumbbell,326,dumbbell incline rear lateral raise,delts
back,dumbbell,327,dumbbell incline row,upper back
chest,dumbbell,328,dumbbell incline shoulder raise,serratus anterior
back,dumbbell,329,dumbbell incline shrug,traps
shoulders,dumbbell,3542,dumbbell incline t-raise,delts
Triceps,dumbbell,330,dumbbell incline triceps extension,triceps
chest,dumbbell,331,dumbbell incline twisted flyes,pectorals
Triceps,dumbbell,1733,dumbbell incline two arm extension,triceps
back,dumbbell,3541,dumbbell incline y-raise,upper back
shoulders,dumbbell,332,dumbbell iron cross,delts
Triceps,dumbbell,333,dumbbell kickback,triceps
Triceps,dumbbell,1734,dumbbell kickbacks on exercise ball,triceps
Biceps,dumbbell,1660,dumbbell kneeling bicep curl exercise ball,biceps
shoulders,dumbbell,334,dumbbell lateral raise,delts
shoulders,dumbbell,335,dumbbell lateral to front raise,delts
Biceps,dumbbell,1658,dumbbell lunge with bicep curl,biceps
Triceps,dumbbell,337,dumbbell lying  extension (across face),triceps
Triceps,dumbbell,1729,dumbbell lying alternate extension,triceps
Triceps,dumbbell,338,dumbbell lying elbow press,triceps
shoulders,dumbbell,863,dumbbell lying external shoulder rotation,delts
Hamstrings,dumbbell,339,dumbbell lying femoral,hamstrings
chest,dumbbell,340,dumbbell lying hammer press,pectorals
shoulders,dumbbell,2470,dumbbell lying on floor rear delt raise,delts
shoulders,dumbbell,341,dumbbell lying one arm deltoid rear,delts
chest,dumbbell,343,dumbbell lying one arm press,pectorals
chest,dumbbell,342,dumbbell lying one arm press v. 2,pectorals
Triceps,dumbbell,344,dumbbell lying one arm pronated triceps extension,triceps
shoulders,dumbbell,345,dumbbell lying one arm rear lateral raise,delts
Triceps,dumbbell,346,dumbbell lying one arm supinated triceps extension,triceps
chest,dumbbell,1284,dumbbell lying pullover on exercise ball,pectorals
back,dumbbell,1328,dumbbell lying rear delt row,upper back
shoulders,dumbbell,348,dumbbell lying rear lateral raise,delts
Triceps,dumbbell,1735,dumbbell lying single extension,triceps
Biceps,dumbbell,1661,dumbbell lying supine biceps curl,biceps
Biceps,dumbbell,350,dumbbell lying supine curl,biceps
Triceps,dumbbell,351,dumbbell lying triceps extension,triceps
Biceps,dumbbell,1662,dumbbell lying wide curl,biceps
Triceps,dumbbell,352,dumbbell neutral grip bench press,triceps
chest,dumbbell,1285,dumbbell one arm bench fly,pectorals
back,dumbbell,292,dumbbell one arm bent-over row,upper back
chest,dumbbell,1286,dumbbell one arm chest fly on exercise ball,pectorals
Biceps,dumbbell,353,dumbbell one arm concetration curl (on stability ball),biceps
chest,dumbbell,1287,dumbbell one arm decline chest press,pectorals
chest,dumbbell,1288,dumbbell one arm fly on exercise ball,pectorals
Triceps,dumbbell,1736,dumbbell one arm french press on exercise ball,triceps
Biceps,dumbbell,1663,dumbbell one arm hammer preacher curl,biceps
Triceps,dumbbell,1621,dumbbell one arm hammer press on exercise ball,triceps
chest,dumbbell,1289,dumbbell one arm incline chest press,pectorals
Triceps,dumbbell,354,dumbbell one arm kickback,triceps
shoulders,dumbbell,355,dumbbell one arm lateral raise,delts
shoulders,dumbbell,356,dumbbell one arm lateral raise with support,delts
chest,dumbbell,1290,dumbbell one arm press on exercise ball,pectorals
Biceps,dumbbell,1665,dumbbell one arm prone curl,biceps
Biceps,dumbbell,1666,dumbbell one arm prone hammer curl,biceps
chest,dumbbell,1291,dumbbell one arm pullover on exercise ball,pectorals
shoulders,dumbbell,359,dumbbell one arm reverse fly (with support),delts
chest,dumbbell,1622,dumbbell one arm reverse grip press,pectorals
Biceps,dumbbell,1414,dumbbell one arm reverse preacher curl,biceps
Biceps,dumbbell,1667,dumbbell one arm reverse spider curl,biceps
Biceps,dumbbell,1668,dumbbell one arm seated bicep curl on exercise ball,biceps
Biceps,dumbbell,1669,dumbbell one arm seated hammer curl,biceps
shoulders,dumbbell,361,dumbbell one arm shoulder press,delts
shoulders,dumbbell,360,dumbbell one arm shoulder press v. 2,delts
Biceps,dumbbell,1670,dumbbell one arm standing curl,biceps
Biceps,dumbbell,1671,dumbbell one arm standing hammer curl,biceps
Triceps,dumbbell,362,dumbbell one arm triceps extension (on bench),triceps
shoulders,dumbbell,363,dumbbell one arm upright row,delts
Biceps,dumbbell,1672,dumbbell one arm zottman preacher curl,biceps
chest,dumbbell,1292,dumbbell one leg fly on exercise ball,pectorals
Biceps,dumbbell,365,dumbbell over bench neutral wrist curl,biceps
Biceps,dumbbell,366,dumbbell over bench one arm  neutral wrist curl,biceps
back,dumbbell,1329,dumbbell palm rotational bent over row,upper back
Triceps,dumbbell,1623,dumbbell palms in incline bench press,triceps
Biceps,dumbbell,370,dumbbell peacher hammer curl,biceps
Biceps,dumbbell,372,dumbbell preacher curl,biceps
Biceps,dumbbell,1673,dumbbell preacher curl over exercise ball,biceps
chest,dumbbell,1293,dumbbell press on exercise ball,pectorals
Triceps,dumbbell,373,dumbbell pronate-grip triceps extension,triceps
Biceps,dumbbell,374,dumbbell prone incline curl,biceps
Biceps,dumbbell,1674,dumbbell prone incline hammer curl,biceps
chest,dumbbell,375,dumbbell pullover,pectorals
chest,dumbbell,1294,dumbbell pullover hip extension on exercise ball,pectorals
chest,dumbbell,1295,dumbbell pullover on exercise ball,pectorals
shoulders,dumbbell,1700,dumbbell push press,delts
shoulders,dumbbell,376,dumbbell raise,delts
shoulders,dumbbell,2292,dumbbell rear delt raise,delts
shoulders,dumbbell,377,dumbbell rear delt row_shoulder,delts
shoulders,dumbbell,378,dumbbell rear fly,delts
shoulders,dumbbell,380,dumbbell rear lateral raise,delts
shoulders,dumbbell,379,dumbbell rear lateral raise (support head),delts
Biceps,dumbbell,382,dumbbell revers grip biceps curl,biceps
chest,dumbbell,1624,dumbbell reverse bench press,pectorals
shoulders,dumbbell,383,dumbbell reverse fly,delts
back,dumbbell,1330,dumbbell reverse grip incline bench one arm row,upper back
back,dumbbell,1331,dumbbell reverse grip incline bench two arm row,upper back
back,dumbbell,2327,dumbbell reverse grip row (female),upper back
Biceps,dumbbell,384,dumbbell reverse preacher curl,biceps
Biceps,dumbbell,1675,dumbbell reverse spider curl,biceps
shoulders,dumbbell,386,dumbbell rotation reverse fly,delts
shoulders,dumbbell,2397,dumbbell scott press,delts
shoulders,dumbbell,387,dumbbell seated alternate front raise,delts
Biceps,dumbbell,1676,dumbbell seated alternate hammer curl on exercise ball,biceps
shoulders,dumbbell,388,dumbbell seated alternate press,delts
shoulders,dumbbell,3546,dumbbell seated alternate shoulder,delts
Triceps,dumbbell,389,dumbbell seated bench extension,triceps
shoulders,dumbbell,2317,dumbbell seated bent arm lateral raise,delts
Triceps,dumbbell,1730,dumbbell seated bent over alternate kickback,triceps
Triceps,dumbbell,1737,dumbbell seated bent over triceps extension,triceps
Biceps,dumbbell,1677,dumbbell seated bicep curl,biceps
Biceps,dumbbell,390,dumbbell seated biceps curl (on stability ball),biceps
Biceps,dumbbell,3547,dumbbell seated biceps curl to shoulder press,biceps
Calves,dumbbell,1379,dumbbell seated calf raise,calves
Biceps,dumbbell,391,dumbbell seated curl,biceps
shoulders,dumbbell,392,dumbbell seated front raise,delts
Biceps,dumbbell,1678,dumbbell seated hammer curl,biceps
Biceps,dumbbell,393,dumbbell seated inner biceps curl,biceps
Triceps,dumbbell,394,dumbbell seated kickback,triceps
shoulders,dumbbell,396,dumbbell seated lateral raise,delts
shoulders,dumbbell,395,dumbbell seated lateral raise v. 2,delts
Biceps,dumbbell,397,dumbbell seated neutral wrist curl,biceps
Biceps,dumbbell,1679,dumbbell seated one arm bicep curl on exercise ball with leg raised,biceps
Triceps,dumbbell,398,dumbbell seated one arm kickback,triceps
Calves,dumbbell,400,dumbbell seated one leg calf raise,calves
Calves,dumbbell,1380,dumbbell seated one leg calf raise - hammer grip,calves
Calves,dumbbell,1381,dumbbell seated one leg calf raise - palm up,calves
Biceps,dumbbell,402,dumbbell seated preacher curl,biceps
Biceps,dumbbell,403,dumbbell seated revers grip concentration curl,biceps
Triceps,dumbbell,1738,dumbbell seated reverse grip one arm overhead tricep extension,triceps
shoulders,dumbbell,405,dumbbell seated shoulder press,delts
shoulders,dumbbell,404,dumbbell seated shoulder press (parallel grip),delts
Triceps,dumbbell,2188,dumbbell seated triceps extension,triceps
back,dumbbell,406,dumbbell shrug,traps
shoulders,dumbbell,408,dumbbell side lying one hand raise,delts
back,dumbbell,3664,dumbbell side plank with rear fly,upper back
shoulders,dumbbell,3548,dumbbell single arm overhead carry,delts
Calves,dumbbell,409,dumbbell single leg calf raise,calves
Quads,dumbbell,410,dumbbell single leg split squat,quads
Biceps,dumbbell,3560,dumbbell standing alternate hammer curl and press,biceps
shoulders,dumbbell,414,dumbbell standing alternate overhead press,delts
shoulders,dumbbell,415,dumbbell standing alternate raise,delts
Triceps,dumbbell,1739,dumbbell standing alternating tricep kickback,triceps
shoulders,dumbbell,2143,dumbbell standing around world,delts
Triceps,dumbbell,1740,dumbbell standing bent over one arm triceps extension,triceps
Triceps,dumbbell,1741,dumbbell standing bent over two arm triceps extension,triceps
Biceps,dumbbell,416,dumbbell standing biceps curl,biceps
Calves,dumbbell,417,dumbbell standing calf raise,calves
Biceps,dumbbell,418,dumbbell standing concentration curl,biceps
shoulders,dumbbell,419,dumbbell standing front raise above head,delts
Biceps,dumbbell,2321,dumbbell standing inner biceps curl v. 2,biceps
Triceps,dumbbell,420,dumbbell standing kickback,triceps
Biceps,dumbbell,421,dumbbell standing one arm concentration curl,biceps
Biceps,dumbbell,422,dumbbell standing one arm curl (over incline bench),biceps
Biceps,dumbbell,1680,dumbbell standing one arm curl over incline bench,biceps
Triceps,dumbbell,423,dumbbell standing one arm extension,triceps
shoulders,dumbbell,424,dumbbell standing one arm palm in press,delts
Biceps,dumbbell,425,dumbbell standing one arm reverse curl,biceps
shoulders,dumbbell,426,dumbbell standing overhead press,delts
shoulders,dumbbell,427,dumbbell standing palms in press,delts
Biceps,dumbbell,428,dumbbell standing preacher curl,biceps
Biceps,dumbbell,429,dumbbell standing reverse curl,biceps
Triceps,dumbbell,430,dumbbell standing triceps extension,triceps
Biceps,dumbbell,2293,dumbbell standing zottman preacher curl,biceps
Biceps,dumbbell,1684,dumbbell step up single leg balance with bicep curl,biceps
Quads,dumbbell,2796,dumbbell step-up lunge,quads
Quads,dumbbell,2812,dumbbell step-up split squat,quads
chest,dumbbell,433,dumbbell straight arm pullover,pectorals
Quads,dumbbell,2803,dumbbell supported squat,quads
Triceps,dumbbell,436,dumbbell tate press,triceps
Triceps,dumbbell,1742,dumbbell tricep kickback with stork stance,triceps
Triceps,dumbbell,1743,dumbbell twisting bench press,triceps
shoulders,dumbbell,437,dumbbell upright row,delts
shoulders,dumbbell,1765,dumbbell upright row (back pov),delts
shoulders,dumbbell,864,dumbbell upright shoulder external rotation,delts
Biceps,dumbbell,5201,dumbbell waiter biceps curl,biceps
shoulders,dumbbell,438,dumbbell w-press,delts
Biceps,dumbbell,439,dumbbell zottman curl,biceps
Biceps,dumbbell,2294,dumbbell zottman preacher curl,biceps
Triceps,dumbbell,2189,dumbbells seated triceps extension,triceps
chest,body weight,1167,dynamic chest stretch (male),pectorals
Triceps,body weight,3287,elbow dips,triceps
back,body weight,1772,elbow lift - reverse push-up,upper back
back,body weight,3292,elevator,upper back
Calves,dumbbell,1382,exercise ball on the wall calf raise,calves
Calves,dumbbell,3241,exercise ball on the wall calf raise (tennis ball between ankles),calves
Calves,dumbbell,3240,exercise ball on the wall calf raise (tennis ball between knees),calves
Triceps,dumbbell,1746,exercise ball supine triceps extension,triceps
Triceps,ez barbell,1747,ez bar french press on exercise ball,triceps
back,ez barbell,3010,ez bar lying bent arms pullover,lats
Triceps,ez barbell,1748,ez bar lying close grip triceps extension behind head,triceps
back,ez barbell,1344,ez bar reverse grip bent over row,upper back
Biceps,ez barbell,1682,ez bar seated close grip concentration curl,biceps
Triceps,ez barbell,1749,ez bar standing french press,triceps
shoulders,ez barbell,445,ez barbell anti gravity press,delts
Biceps,ez barbell,1627,ez barbell close grip preacher curl,biceps
Biceps,ez barbell,446,ez barbell close-grip curl,biceps
Biceps,ez barbell,447,ez barbell curl,biceps
Triceps,ez barbell,448,ez barbell decline close grip face press,triceps
Triceps,ez barbell,2186,ez barbell decline triceps extension,triceps
Triceps,ez barbell,449,ez barbell incline triceps extension,triceps
Triceps,ez barbell,450,ez barbell jm bench press,triceps
Biceps,ez barbell,451,ez barbell reverse grip curl,biceps
Biceps,ez barbell,452,ez barbell reverse grip preacher curl,biceps
Biceps,ez barbell,1458,ez barbell seated curls,biceps
Triceps,ez barbell,453,ez barbell seated triceps extension,triceps
Biceps,ez barbell,454,ez barbell spider curl,biceps
Biceps,ez barbell,1628,ez barbell spider curl,biceps
Biceps,ez barbell,2404,ez-bar biceps curl (with arm blaster),biceps
Triceps,ez barbell,2432,ez-bar close-grip bench press,triceps
Biceps,ez barbell,2741,ez-barbell standing wide grip biceps curl,biceps
Quads,dumbbell,2133,farmers walk,quads
chest,barbell,458,floor fly (with barbell),pectorals
Quads,body weight,1472,forward jump,quads
back,body weight,3295,front lever reps,upper back
chest,body weight,3327,full planche push-up,pectorals
back,body weight,466,gironda sternum chin,lats
Hamstrings,body weight,3193,glute-ham raise,hamstrings
Hamstrings,body weight,1511,hamstring stretch,hamstrings
Triceps,body weight,3302,handstand,triceps
Triceps,body weight,471,handstand push-up,triceps
chest,dumbbell,3234,hyght dumbbell fly,pectorals
back,body weight,489,hyperextension,spine
back,body weight,488,hyperextension (on bench),spine
Triceps,body weight,3289,impossible dips,triceps
Triceps,body weight,490,incline close-grip push-up,triceps
chest,body weight,492,incline push up depth jump,pectorals
chest,body weight,493,incline push-up,pectorals
chest,body weight,3785,incline push-up (on box),pectorals
chest,body weight,494,incline reverse grip push-up,pectorals
chest,body weight,3011,incline scapula push up,serratus anterior
Hamstrings,body weight,496,inverse leg curl (bench support),hamstrings
Hamstrings,body weight,2400,inverse leg curl (on pull-up cable machine),hamstrings
back,body weight,499,inverted row,upper back
back,body weight,2300,inverted row bent knees,upper back
back,body weight,2298,inverted row on bench,upper back
back,body weight,497,inverted row v. 2,upper back
back,body weight,498,inverted row with straps,upper back
chest,body weight,1297,isometric chest squeeze,pectorals
chest,body weight,500,isometric wipers,pectorals
Hamstrings,body weight,555,kick out sit,hamstrings
back,body weight,558,kipping muscle up,lats
back,body weight,1346,kneeling lat stretch,lats
chest,body weight,3211,kneeling push-up (male),pectorals
chest,body weight,3288,korean dips,pectorals
back,body weight,3418,l-pull-up,lats
shoulders,barbell,3237,landmine lateral raise,delts
Hamstrings,body weight,1576,leg up hamstring stretch,hamstrings
Quads,leverage machine,2287,lever alternate leg press ,quads
back,leverage machine,571,lever alternating narrow grip seated row ,upper back
back,leverage machine,572,lever assisted chin-up,lats
back,leverage machine,573,lever back extension,spine
back,barbell,574,lever bent over row ,upper back
back,leverage machine,3200,lever bent-over row with v-bar ,upper back
Biceps,leverage machine,575,lever bicep curl,biceps
Calves,leverage machine,2289,lever calf press ,calves
chest,leverage machine,577,lever chest press,pectorals
chest,leverage machine,576,lever chest press ,pectorals
chest,leverage machine,1455,lever chest press v. 2,pectorals
chest,leverage machine,1300,lever decline chest press,pectorals
Calves,leverage machine,1253,lever donkey calf raise,calves
back,leverage machine,579,lever front pulldown,lats
back,leverage machine,580,lever gripless shrug,traps
back,leverage machine,1439,lever gripless shrug v. 2,traps
Biceps,leverage machine,1615,lever hammer grip preacher curl,biceps
back,leverage machine,581,lever high row ,upper back
chest,leverage machine,1299,lever incline chest press,pectorals
chest,leverage machine,1479,lever incline chest press v. 2,pectorals
Hamstrings,leverage machine,582,lever kneeling leg curl ,hamstrings
shoulders,leverage machine,584,lever lateral raise,delts
Quads,leverage machine,585,lever leg extension,quads
Hamstrings,leverage machine,586,lever lying leg curl,hamstrings
Hamstrings,leverage machine,3195,lever lying two-one leg curl,hamstrings
shoulders,leverage machine,587,lever military press ,delts
back,leverage machine,588,lever narrow grip seated row ,upper back
back,barbell,589,lever one arm bent over row ,upper back
back,leverage machine,1356,lever one arm lateral high row,upper back
back,leverage machine,1347,lever one arm lateral wide pulldown ,lats
shoulders,leverage machine,590,lever one arm shoulder press ,delts
Triceps,leverage machine,591,lever overhand triceps dip,triceps
Biceps,leverage machine,592,lever preacher curl,biceps
Biceps,leverage machine,1614,lever preacher curl v. 2,biceps
back,leverage machine,2285,lever pullover ,lats
back,leverage machine,2736,lever reverse grip lateral pulldown ,lats
Biceps,leverage machine,1616,lever reverse grip preacher curl,biceps
back,leverage machine,1348,lever reverse grip vertical row,upper back
back,leverage machine,1349,lever reverse t-bar row,upper back
Calves,leverage machine,2315,lever rotary calf,calves
Calves,leverage machine,2335,lever seated calf press,calves
Calves,leverage machine,594,lever seated calf raise ,calves
Triceps,leverage machine,1451,lever seated dip,triceps
chest,leverage machine,596,lever seated fly,pectorals
Hamstrings,leverage machine,599,lever seated leg curl,hamstrings
shoulders,leverage machine,602,lever seated reverse fly,delts
shoulders,leverage machine,601,lever seated reverse fly (parallel grip),delts
back,leverage machine,1350,lever seated row,upper back
shoulders,leverage machine,1454,lever seated shoulder press,delts
Calves,leverage machine,1385,lever seated squat calf raise on leg press machine,calves
shoulders,leverage machine,603,lever shoulder press ,delts
shoulders,leverage machine,869,lever shoulder press  v. 2,delts
shoulders,leverage machine,2318,lever shoulder press  v. 3,delts
back,leverage machine,604,lever shrug ,traps
Calves,leverage machine,605,lever standing calf raise,calves
chest,leverage machine,3758,lever standing chest press,pectorals
back,leverage machine,606,lever t bar row ,upper back
back,leverage machine,1351,lever t-bar reverse grip row,upper back
Triceps,leverage machine,607,lever triceps extension,triceps
back,leverage machine,1313,lever unilateral row,upper back
back,body weight,1352,lower back curl,spine
Quads,body weight,613,lying (side) quads stretch,quads
chest,leverage machine,1301,machine inner chest press,pectorals
back,body weight,627,mixed grip chin-up,lats
chest,body weight,3217,modified hindu push-up (male),pectorals
back,body weight,631,muscle up,lats
back,body weight,1401,muscle-up (on vertical bar),lats
back,body weight,1355,one arm against wall,lats
back,body weight,638,one arm chin-up,lats
Triceps,body weight,639,one arm dip,triceps
back,body weight,1773,one arm towel row,upper back
Calves,body weight,1386,one leg donkey calf raise,calves
Calves,body weight,1387,one leg floor calf raise,calves
Triceps,body weight,643,overhead triceps stretch,triceps
chest,body weight,1306,plyo push up,pectorals
Hamstrings,barbell,648,power clean,hamstrings
back,body weight,651,pull up (neutral grip),lats
back,body weight,652,pull-up,lats
chest,body weight,1689,push and pull bodyweight,pectorals
chest,body weight,662,push-up,pectorals
chest,body weight,659,push-up (wall),pectorals
chest,body weight,658,push-up (wall) v. 2,pectorals
Triceps,dumbbell,660,push-up close-grip off dumbbell,triceps
Triceps,body weight,1467,push-up on lower arms,triceps
chest,body weight,3145,push-up plus,pectorals
Quads,body weight,3533,quads,quads
Quads,body weight,3552,quick feet v. 2,quads
chest,body weight,666,raise single arm push-up,pectorals
back,body weight,670,rear pull-up,lats
Triceps,body weight,672,reverse dip,triceps
back,leverage machine,673,reverse grip machine lat pulldown,lats
back,body weight,674,reverse grip pull-up,lats
Triceps,body weight,677,ring dips,triceps
back,body weight,678,rocky pull-up pulldown,lats
Hamstrings,body weight,1585,runners stretch,hamstrings
back,body weight,3012,scapula dips,traps
chest,body weight,3021,scapula push-up,serratus anterior
back,body weight,688,scapular pull-up,traps
Calves,body weight,1390,seated calf stretch (male),calves
back,body weight,690,seated lower back stretch,lats
Hamstrings,body weight,1587,seated wide angle pose sequence,hamstrings
Hamstrings,body weight,697,self assisted inverse leg curl,hamstrings
Hamstrings,body weight,1766,self assisted inverse leg curl,hamstrings
Hamstrings,body weight,696,self assisted inverse leg curl (on floor),hamstrings
back,body weight,1763,shoulder grip pull-up,lats
chest,body weight,699,shoulder tap push-up,pectorals
back,body weight,1358,side lying floor stretch,lats
Triceps,body weight,717,side push-up,triceps
back,body weight,720,side-to-side chin,lats
chest,body weight,725,single arm push-up,pectorals
Calves,dumbbell,727,single leg calf raise (on a dumbbell),calves
Hamstrings,body weight,730,single leg platform slide,hamstrings
Quads,body weight,1489,sissy squat,quads
back,body weight,3304,skin the cat,upper back
back,smith machine,746,smith back shrug,traps
shoulders,smith machine,747,smith behind neck press,delts
chest,smith machine,748,smith bench press,pectorals
back,smith machine,1359,smith bent over row,upper back
Quads,smith machine,750,smith chair squat,quads
Triceps,smith machine,751,smith close-grip bench press,triceps
chest,smith machine,753,smith decline bench press,pectorals
chest,smith machine,754,smith decline reverse-grip press,pectorals
chest,smith machine,757,smith incline bench press,pectorals
chest,smith machine,758,smith incline reverse-grip press,pectorals
chest,smith machine,759,smith incline shoulder raises,serratus anterior
Biceps,smith machine,1683,smith machine bicep curl,biceps
Triceps,smith machine,1625,smith machine decline close grip bench press,triceps
Triceps,smith machine,1752,smith machine incline tricep extension,triceps
chest,smith machine,1626,smith machine reverse decline close grip bench press,pectorals
back,smith machine,761,smith narrow row,upper back
back,smith machine,1360,smith one arm row,upper back
Calves,smith machine,1393,smith one leg floor calf raise,calves
shoulders,smith machine,762,smith rear delt row,delts
Calves,smith machine,763,smith reverse calf raises,calves
Calves,smith machine,1394,smith reverse calf raises,calves
back,smith machine,1361,smith reverse grip bent over row,upper back
chest,smith machine,764,smith reverse-grip press,pectorals
Calves,smith machine,1395,smith seated one leg calf raise,calves
shoulders,smith machine,765,smith seated shoulder press,delts
shoulders,smith machine,766,smith shoulder press,delts
back,smith machine,767,smith shrug,traps
Quads,smith machine,768,smith single leg split squat,quads
shoulders,smith machine,772,smith standing behind head military press,delts
Calves,smith machine,773,smith standing leg calf raise,calves
shoulders,smith machine,774,smith standing military press,delts
Calves,smith machine,1396,smith toe raise,calves
shoulders,smith machine,775,smith upright row,delts
chest,smith machine,1308,smith wide grip bench press,pectorals
chest,smith machine,1309,smith wide grip decline bench press,pectorals
Quads,barbell,776,snatch pull,quads
back,body weight,1362,sphinx,spine
back,body weight,1363,spine stretch,spine
Quads,body weight,2368,split squats,quads
Quads,barbell,786,squat jerk,quads
Quads,body weight,1685,squat to overhead reach,quads
Quads,body weight,1686,squat to overhead reach with twist,quads
Triceps,body weight,3291,stalder press,triceps
back,body weight,3669,standing archer,upper back
shoulders,barbell,788,standing behind neck press,delts
Calves,body weight,1490,standing calf raise (on a staircase),calves
Calves,body weight,1397,standing calves,calves
Calves,body weight,1398,standing calves calf stretch,calves
back,body weight,794,standing lateral stretch,lats
back,body weight,1364,standing pelvic tilt,spine
Hamstrings,body weight,795,standing single leg curl,hamstrings
chest,body weight,803,superman push-up,pectorals
chest,body weight,806,suspended push-up,pectorals
back,body weight,808,suspended row,upper back
Quads,body weight,809,suspended split squat,quads
Triceps,body weight,1753,three bench dip,triceps
Triceps,body weight,814,triceps dip,triceps
Triceps,body weight,812,triceps dip (bench leg),triceps
Triceps,body weight,813,triceps dip (between benches),triceps
Triceps,body weight,815,triceps dips floor,triceps
Triceps,body weight,816,triceps press,triceps
Triceps,body weight,817,triceps stretch,triceps
back,cable,818,twin handle parallel grip lat pulldown,lats
back,body weight,3231,two toe touch (male),spine
back,body weight,1365,upper back stretch,upper back
back,body weight,1366,upward facing dog,spine
Triceps,weighted,830,weighted bench dip,triceps
back,weighted,2987,weighted close grip chin-up on dip cage,lats
Calves,weighted,833,weighted donkey calf raise,calves
chest,weighted,1310,weighted drop push up,pectorals
shoulders,weighted,834,weighted front raise,delts
back,weighted,835,weighted hyperextension (on stability ball),spine
shoulders,weighted,3641,weighted kneeling step with swing,delts
back,weighted,3286,weighted muscle up,lats
back,weighted,3312,weighted muscle up (on bar),lats
back,weighted,3290,weighted one hand pull up,lats
back,weighted,841,weighted pull-up,lats
shoulders,weighted,844,weighted round arm,delts
Quads,weighted,851,weighted sissy squat,quads
Biceps,weighted,853,weighted standing curl,biceps
chest,weighted,3313,weighted straight bar dip,pectorals
chest,weighted,856,weighted svend press,pectorals
Triceps,weighted,1754,weighted three bench dips,triceps
Triceps,weighted,1755,weighted tricep dips,triceps
Triceps,weighted,1767,weighted triceps dip on high parallel bars,triceps
back,body weight,1429,wide grip pull-up,lats
back,body weight,1367,wide grip rear pull-up,lats
chest,body weight,1311,wide hand push up,pectorals
chest,body weight,2363,wide-grip chest dip on high parallel bars,pectorals
Hamstrings,body weight,1604,world greatest stretch,hamstrings
